<?xml version="1.0" encoding="UTF-8"?>
<!DOCTYPE MIME-resolver PUBLIC "-//NetBeans//DTD MIME Resolver 1.1//EN" "http://www.netbeans.org/dtds/mime-resolver-1_1.dtd">
<MIME-resolver>
    <file>
        <ext name="html"/>
        <resolver mime="text/x-php5"/>
    </file>
    <file>
        <ext name="cc"/>
        <resolver mime="text/x-c"/>
    </file>
    <file>
        <ext name="cpp"/>
        <resolver mime="text/x-c++"/>
    </file>
    <file>
        <ext name="h"/>
        <ext name="hpp"/>
        <resolver mime="text/x-h"/>
    </file>
</MIME-resolver>
