<history>
    <sql date='1245756760934' url='jdbc:postgresql://localhost/old_dump'>
        select * from public.network_range
    </sql>
    <sql date='1245755619966' url='jdbc:postgresql://localhost/hz_prod'>
        insert into network_range (gateway_id , begin, &quot;end&quot;) values (169, &apos;83.149.21.0&apos;, &apos;83.149.21.255&apos;)
    </sql>
    <sql date='1245755613465' url='jdbc:postgresql://localhost/hz_prod'>
        delete from network_range where id = 969
    </sql>
    <sql date='1245755581192' url='jdbc:postgresql://localhost/hz_prod'>
        select * from network_range where gateway_id = 69
    </sql>
    <sql date='1245755550376' url='jdbc:postgresql://localhost/hz_prod'>
        insert into network_range (gateway_id , begin, &quot;end&quot;) values (169, &apos;83.149.21.0&apos;, &apos;83.149.21.255&apos;)
    </sql>
    <sql date='1245755535309' url='jdbc:postgresql://localhost/hz_prod'>
        delete from network_range where id = 1313 or id = 696
    </sql>
    <sql date='1245755532668' url='jdbc:postgresql://localhost/hz_prod'>
        delete from network_range where id = 1313 or id = 696
    </sql>
    <sql date='1245755530033' url='jdbc:postgresql://localhost/hz_prod'>
        delete from network_range where id = 1313 or id = 696
    </sql>
    <sql date='1245755521007' url='jdbc:postgresql://localhost/hz_prod'>
        delete from network_range where id = 1313 or 696
    </sql>
    <sql date='1245755473048' url='jdbc:postgresql://localhost/hz_prod'>
        select * from network_range where gateway_id = 69
    </sql>
    <sql date='1245755352400' url='jdbc:postgresql://localhost/hz_prod'>
        select * from network_gateway where id= 69
    </sql>
    <sql date='1245755316141' url='jdbc:postgresql://localhost/hz_prod'>
        select ng.id, ng.name, begin, &quot;end&quot; from network_gateway as ng inner join network_range as nr on ng.id = nr.gateway_id  where parent_id = 166 order by id asc
    </sql>
    <sql date='1245755292870' url='jdbc:postgresql://localhost/hz_prod'>
        insert into network_range (gateway_id , begin, &quot;end&quot;) values (169, &apos;83.149.21.0&apos;, &apos;83.149.21.255&apos;)
    </sql>
    <sql date='1245755276108' url='jdbc:postgresql://localhost/hz_prod'>
        insert into network_range (gateway_id , begin, &quot;end&quot;) values (83.149.21.0, 83.149.21.255)
    </sql>
    <sql date='1245755250258' url='jdbc:postgresql://localhost/hz_prod'>
        select * from public.network_range
    </sql>
    <sql date='1245432331914' url='jdbc:postgresql://localhost/hz_3'>
        select * from public.country where name ilike &apos;%рос%&apos;
    </sql>
    <sql date='1245432311934' url='jdbc:postgresql://localhost/hz_3'>
        select * from public.country where name ilile &apos;%рос%&apos;
    </sql>
    <sql date='1245432300202' url='jdbc:postgresql://localhost/hz_3'>
        select * from public.country where name ilile &apos;%рос%
    </sql>
    <sql date='1245432253677' url='jdbc:postgresql://localhost/hz_3'>
        select * from public.country
    </sql>
    <sql date='1245432231288' url='jdbc:postgresql://localhost/hz_3'>
        select * from public.device
    </sql>
</history>
