<?xml version="1.0" encoding="UTF-8"?>
<!DOCTYPE bindings PUBLIC "-//NetBeans//DTD Editor KeyBindings settings 1.1//EN" "http://www.netbeans.org/dtds/EditorKeyBindings-1_1.dtd">
<bindings>
    <bind actionName="csl-next-marked-occurrence" key="O-DOWN"/>
    <bind actionName="csl-prev-marked-occurrence" key="O-UP"/>
    <bind actionName="goto-declaration" key="D-B"/>
    <bind actionName="in-place-refactoring" key="D-R"/>
    <bind actionName="select-element-next" key="SO-PERIOD"/>
    <bind actionName="select-element-previous" key="SO-COMMA"/>
    <bind actionName="toggle-comment" key="SD-C"/>
    <bind actionName="toggle-comment" key="D-SLASH"/>
</bindings>
